rowname	pc1.rot	pc2.rot	ensembl	symbol	SYMBOL
ENSMUSG00000040204.6	-0.198988546720745	0.112455801546696	ENSMUSG00000040204	Pclaf	PCLAF
ENSMUSG00000020914.17	-0.187849383724787	0.0425248640278378	ENSMUSG00000020914	Top2a	TOP2A
ENSMUSG00000060860.8	-0.0567802977596686	-0.0753168597088869	ENSMUSG00000060860	Ube2s	UBE2S
ENSMUSG00000001403.13	-0.16624159205916	-0.159924594800327	ENSMUSG00000001403	Ube2c	UBE2C
ENSMUSG00000026605.14	-0.172184146548853	-0.11416860534255	ENSMUSG00000026605	Cenpf	CENPF
ENSMUSG00000029177.9	-0.135759740250186	-0.192902615932827	ENSMUSG00000029177	Cenpa	CENPA
ENSMUSG00000062248.5	-0.149197663174802	-0.101892351944444	ENSMUSG00000062248	Cks2	CKS2
ENSMUSG00000028312.19	-0.158932328122719	0.0620819635684668	ENSMUSG00000028312	Smc2	SMC2
ENSMUSG00000028873.16	-0.165718702828096	-0.100955655849203	ENSMUSG00000028873	Cdca8	CDCA8
ENSMUSG00000017716.15	-0.16518190579473	-0.0805869113641674	ENSMUSG00000017716	Birc5	BIRC5
ENSMUSG00000096255.2	0.0283558533548401	-0.00933086510866383	ENSMUSG00000096255	Dynlt1b	DYNLT1B
ENSMUSG00000032397.7	-0.113133844477265	0.180740952444353	ENSMUSG00000032397	Tipin	TIPIN
ENSMUSG00000034349.14	-0.132680467084668	0.0303069640251001	ENSMUSG00000034349	Smc4	SMC4
ENSMUSG00000019942.13	-0.148817634926042	-0.0255290257489154	ENSMUSG00000019942	Cdk1	CDK1
ENSMUSG00000027342.14	-0.108885459749029	0.151213908402213	ENSMUSG00000027342	Pcna	PCNA
ENSMUSG00000006398.15	-0.125702184191646	-0.16748885530011	ENSMUSG00000006398	Cdc20	CDC20
ENSMUSG00000020644.9	3.85847981674734e-06	0.0328232433533434	ENSMUSG00000020644	Id2	ID2
ENSMUSG00000027469.16	-0.149733161633785	-0.0944171200611392	ENSMUSG00000027469	Tpx2	TPX2
ENSMUSG00000038943.16	-0.145267553444201	-0.0564849126987946	ENSMUSG00000038943	Prc1	PRC1
ENSMUSG00000022033.9	-0.113810083222582	-0.0794203355418146	ENSMUSG00000022033	Pbk	PBK
ENSMUSG00000041431.16	-0.134481440789305	-0.141924234262949	ENSMUSG00000041431	Ccnb1	CCNB1
ENSMUSG00000031004.8	-0.149020953801336	-0.0406913428008357	ENSMUSG00000031004	Mki67	MKI67
ENSMUSG00000024590.8	-0.114254556192901	-0.00397222614720972	ENSMUSG00000024590	Lmnb1	LMNB1
ENSMUSG00000007872.3	0.00604920090252643	0.0458314885060437	ENSMUSG00000007872	Id3	ID3
ENSMUSG00000000567.5	0.00442900528300291	0.00467861482294061	ENSMUSG00000000567	Sox9	SOX9
ENSMUSG00000028693.15	-0.0908057722223495	0.109324942217379	ENSMUSG00000028693	Nasp	NASP
ENSMUSG00000056394.17	-0.10525912020604	0.142872642176369	ENSMUSG00000056394	Lig1	LIG1
ENSMUSG00000029687.16	-0.0921233910906368	0.0685195111476653	ENSMUSG00000029687	Ezh2	EZH2
ENSMUSG00000044303.6	0.022791622491504	-0.0442617301378069	ENSMUSG00000044303	Cdkn2a	CDKN2A
ENSMUSG00000031229.16	-0.00478938015147693	0.0298567007489412	ENSMUSG00000031229	Atrx	ATRX
ENSMUSG00000005233.16	-0.126516578177005	-0.0690123672268867	ENSMUSG00000005233	Spc25	SPC25
ENSMUSG00000023015.14	-0.117289309035335	-0.0835466814612482	ENSMUSG00000023015	Racgap1	RACGAP1
ENSMUSG00000052712.17	0.00638772861864611	0.0229206489982617	ENSMUSG00000052712	BC004004	BC004004
ENSMUSG00000022314.10	-0.079649310341625	-0.058147954418576	ENSMUSG00000022314	Rad21	RAD21
ENSMUSG00000028790.13	0.00716235441165368	-0.0125313874692335	ENSMUSG00000028790	Khdrbs1	KHDRBS1
ENSMUSG00000027210.20	-0.00514723020386138	0.018592591618896	ENSMUSG00000027210	Meis2	MEIS2
ENSMUSG00000006715.11	-0.106173873975179	0.110869588980537	ENSMUSG00000006715	Gmnn	GMNN
ENSMUSG00000021701.8	0.0189742531063461	-4.86105291365965e-05	ENSMUSG00000021701	Plk2	PLK2
ENSMUSG00000030272.15	0.00380272197181815	0.033072576670623	ENSMUSG00000030272	Camk1	CAMK1
ENSMUSG00000028551.14	-0.0713567092013435	-0.0265430553186082	ENSMUSG00000028551	Cdkn2c	CDKN2C
ENSMUSG00000029752.12	0.0167033954381367	0.00384609907532768	ENSMUSG00000029752	Asns	ASNS
ENSMUSG00000028066.15	-0.0735901480768368	-0.0259109180686648	ENSMUSG00000028066	Pmf1	PMF1
ENSMUSG00000025001.11	-0.0776479828084739	0.19240124210261	ENSMUSG00000025001	Hells	HELLS
ENSMUSG00000015149.14	0.017316503712253	0.0243458817051072	ENSMUSG00000015149	Sirt2	SIRT2
ENSMUSG00000041859.10	-0.0806673744913827	0.181191203039364	ENSMUSG00000041859	Mcm3	MCM3
ENSMUSG00000045328.11	-0.128830821460372	-0.108839827644163	ENSMUSG00000045328	Cenpe	CENPE
ENSMUSG00000001473.7	-0.0429678608298807	-0.0387407197028554	ENSMUSG00000001473	Tubb6	TUBB6
ENSMUSG00000034165.16	-0.0117562807498764	0.0790011495556002	ENSMUSG00000034165	Ccnd3	CCND3
ENSMUSG00000075266.5	-0.0753855642758633	-0.0208797908600758	ENSMUSG00000075266	Cenpw	CENPW
ENSMUSG00000028884.14	-0.0791274585511297	0.157576481938496	ENSMUSG00000028884	Rpa2	RPA2
ENSMUSG00000020326.7	0.0167236393767153	-0.0951149659208626	ENSMUSG00000020326	Ccng1	CCNG1
ENSMUSG00000015932.8	0.0164981641231492	0.000884989252103647	ENSMUSG00000015932	Dstn	DSTN
ENSMUSG00000024381.16	0.015610350996648	0.0460441112515965	ENSMUSG00000024381	Bin1	BIN1
ENSMUSG00000020074.7	-0.0121713035835691	-0.0151992913476747	ENSMUSG00000020074	Ccar1	CCAR1
ENSMUSG00000029004.15	-0.00445137748396442	-0.00904869620335063	ENSMUSG00000029004	Kmt2e	KMT2E
ENSMUSG00000066979.6	-0.0605159801521278	0.0118954579054226	ENSMUSG00000066979	Bub3	BUB3
ENSMUSG00000068744.12	-0.0154488525469896	-0.0806697326114642	ENSMUSG00000068744	Psrc1	PSRC1
ENSMUSG00000041133.11	-0.0565411040453812	0.00120832518431932	ENSMUSG00000041133	Smc1a	SMC1A
ENSMUSG00000023092.16	-0.00390567498979111	0.0139638794456931	ENSMUSG00000023092	Fhl1	FHL1
ENSMUSG00000020315.18	0.00715852370445925	0.00586019733073604	ENSMUSG00000020315	Sptbn1	SPTBN1
ENSMUSG00000022114.5	0.00741291791717935	-0.00691008176047494	ENSMUSG00000022114	Spry2	SPRY2
ENSMUSG00000040479.12	-0.0149064270750039	0.00457763492515471	ENSMUSG00000040479	Dgkz	DGKZ
ENSMUSG00000032253.13	-0.0389138766035309	0.0373081312425331	ENSMUSG00000032253	Phip	PHIP
ENSMUSG00000040549.16	-0.0623685659488385	-0.0625438364546482	ENSMUSG00000040549	Ckap5	CKAP5
ENSMUSG00000038482.11	-0.041674754551002	0.0663761430380507	ENSMUSG00000038482	Tfdp1	TFDP1
ENSMUSG00000032479.15	0.00804761796248706	0.00162267801563214	ENSMUSG00000032479	Map4	MAP4
ENSMUSG00000030852.18	-0.00275765039357399	-0.0186614976381768	ENSMUSG00000030852	Tacc2	TACC2
ENSMUSG00000028760.16	-0.000215370830324434	0.0217389655316253	ENSMUSG00000028760	Eif4g3	EIF4G3
ENSMUSG00000029570.5	0.008766392974794	0.0348850968335912	ENSMUSG00000029570	Lfng	LFNG
ENSMUSG00000022528.8	0.00119319650948627	0.0132083935350968	ENSMUSG00000022528	Hes1	HES1
ENSMUSG00000026355.11	-0.0683775646350878	0.169864685316563	ENSMUSG00000026355	Mcm6	MCM6
ENSMUSG00000029730.16	-0.0707339775074865	0.111050421725649	ENSMUSG00000029730	Mcm7	MCM7
ENSMUSG00000063015.12	-0.00274429664514333	-0.00702557824010086	ENSMUSG00000063015	Ccni	CCNI
ENSMUSG00000058013.11	-0.0147349442441207	0.0112737791854245	ENSMUSG00000058013	Septin11	SEPTIN11
ENSMUSG00000019433.9	0.00851054816032003	-0.00614238942609647	ENSMUSG00000019433	Gipc1	GIPC1
ENSMUSG00000024073.16	-0.00164191172853163	0.0365536120987938	ENSMUSG00000024073	Birc6	BIRC6
ENSMUSG00000026019.15	-0.00323415167758953	-4.0182143187713e-05	ENSMUSG00000026019	Wdr12	WDR12
ENSMUSG00000020230.15	0.0349064842739606	-0.00529600128899837	ENSMUSG00000020230	Prmt2	PRMT2
ENSMUSG00000027968.11	-0.0531857271043202	0.00814290099737756	ENSMUSG00000027968	Larp7	LARP7
ENSMUSG00000023067.14	0.0164501336262461	-0.0650228888455945	ENSMUSG00000023067	Cdkn1a	CDKN1A
ENSMUSG00000040945.13	-0.0251231649915058	0.0236220775634174	ENSMUSG00000040945	Rcc2	RCC2
ENSMUSG00000018395.19	0.0152601631177907	-0.00167295692391948	ENSMUSG00000018395	Kif3a	KIF3A
ENSMUSG00000020733.3	-0.00861181129294106	0.0156970517578661	ENSMUSG00000020733	Slc9a3r1	SLC9A3R1
ENSMUSG00000021548.10	-0.0064877256151957	0.00622032065741305	ENSMUSG00000021548	Ccnh	CCNH
ENSMUSG00000018707.13	-0.00325567613454901	0.0173246346324954	ENSMUSG00000018707	Dync1h1	DYNC1H1
ENSMUSG00000005034.15	0.0144154005185099	-0.013788710274923	ENSMUSG00000005034	Prkacb	PRKACB
ENSMUSG00000027306.15	-0.118314693564084	-0.0752861533222046	ENSMUSG00000027306	Nusap1	NUSAP1
ENSMUSG00000004040.16	0.0027809852836992	0.00902468465638071	ENSMUSG00000004040	Stat3	STAT3
ENSMUSG00000032435.9	0.00413808693100043	-0.00731343156379243	ENSMUSG00000032435	Dync1li1	DYNC1LI1
ENSMUSG00000057897.14	0.0145934339541635	0.0296637743741261	ENSMUSG00000057897	Camk2b	CAMK2B
ENSMUSG00000030538.15	0.0132361659053937	0.0217501410213893	ENSMUSG00000030538	Cib1	CIB1
ENSMUSG00000074749.10	-0.0195087209756461	0.0183074442465083	ENSMUSG00000074749	Kiz	KIZ
ENSMUSG00000079197.10	0.0157271330790216	0.0121164108155404	ENSMUSG00000079197	Psme2	PSME2
ENSMUSG00000036782.13	-0.00992333170555336	0.0171634097772476	ENSMUSG00000036782	Klhl13	KLHL13
ENSMUSG00000021932.13	-0.0409010361712391	0.000935681631530918	ENSMUSG00000021932	Rnaseh2b	RNASEH2B
ENSMUSG00000046240.8	-0.00432366974550861	-0.00556907397889328	ENSMUSG00000046240	Hepacam	HEPACAM
ENSMUSG00000033713.12	-0.00978226884573929	0.00873558893688611	ENSMUSG00000033713	Foxn3	FOXN3
ENSMUSG00000037458.15	-0.0146473476132311	0.0196196319019618	ENSMUSG00000037458	Azin1	AZIN1
ENSMUSG00000028580.15	-0.00857026741302998	0.00244790233719297	ENSMUSG00000028580	Pum1	PUM1
ENSMUSG00000028832.11	-0.0847941591573912	-0.0149708252647298	ENSMUSG00000028832	Stmn1	STMN1
ENSMUSG00000037855.15	0.00614507609803253	0.000670413695745977	ENSMUSG00000037855	Zfp365	ZFP365
ENSMUSG00000024985.20	-0.0133075896461841	0.0101130043916941	ENSMUSG00000024985	Tcf7l2	TCF7L2
ENSMUSG00000020415.16	-0.00653428889454007	-0.0130347390777735	ENSMUSG00000020415	Pttg1	PTTG1
ENSMUSG00000021127.7	-0.00190354114248155	-0.000232852781774919	ENSMUSG00000021127	Zfp36l1	ZFP36L1
ENSMUSG00000017466.9	0.00846265467505314	-0.00448400201799134	ENSMUSG00000017466	Timp2	TIMP2
ENSMUSG00000005410.6	-0.0696550056188979	0.137208221292558	ENSMUSG00000005410	Mcm5	MCM5
ENSMUSG00000020235.16	-0.049273949440428	-0.0563771286332264	ENSMUSG00000020235	Fzr1	FZR1
ENSMUSG00000037725.8	-0.0841684182023828	-0.0747120820724384	ENSMUSG00000037725	Ckap2	CKAP2
ENSMUSG00000001228.14	-0.0776982750649683	0.128338656349952	ENSMUSG00000001228	Uhrf1	UHRF1
ENSMUSG00000038615.17	0.00746777191198916	-0.0108741453297659	ENSMUSG00000038615	Nfe2l1	NFE2L1
ENSMUSG00000041459.15	-0.0157245159360025	0.0213232496094007	ENSMUSG00000041459	Tardbp	TARDBP
ENSMUSG00000026749.11	0.0031374515880004	0.0024012346082931	ENSMUSG00000026749	Nek6	NEK6
ENSMUSG00000023919.8	-0.0890054696954702	-0.00136261214643311	ENSMUSG00000023919	Cenpq	CENPQ
ENSMUSG00000002870.8	-0.0576172471390364	0.116252078378411	ENSMUSG00000002870	Mcm2	MCM2
ENSMUSG00000015766.14	0.0235258239867812	0.0150915318160629	ENSMUSG00000015766	Eps8	EPS8
ENSMUSG00000025487.15	0.00566090300432922	-0.00272583227120823	ENSMUSG00000025487	Psmd13	PSMD13
ENSMUSG00000003549.9	0.00402546717056155	-0.0105055647085453	ENSMUSG00000003549	Ercc1	ERCC1
ENSMUSG00000025224.16	-0.000943594575167983	0.0198626908833318	ENSMUSG00000025224	Gbf1	GBF1
ENSMUSG00000008999.7	-0.0129836021577476	0.00643240091596644	ENSMUSG00000008999	Bmp7	BMP7
ENSMUSG00000020122.16	0.00676927436546783	0.00654516359347608	ENSMUSG00000020122	Egfr	EGFR
ENSMUSG00000020184.15	-0.00235022921823691	-0.00467481033785357	ENSMUSG00000020184	Mdm2	MDM2
ENSMUSG00000026923.15	-0.00697677860380137	0.000251754817090634	ENSMUSG00000026923	Notch1	NOTCH1
ENSMUSG00000031628.9	-0.0193791944905803	0.0374189982853329	ENSMUSG00000031628	Casp3	CASP3
ENSMUSG00000027829.15	-0.0117045427674251	0.00212324151879152	ENSMUSG00000027829	Ccnl1	CCNL1
ENSMUSG00000037062.13	-0.00161568480875898	0.00162801523495232	ENSMUSG00000037062	Sh3glb1	SH3GLB1
ENSMUSG00000017421.18	-0.00765604482898827	0.00560445797521385	ENSMUSG00000017421	Zfp207	ZFP207
ENSMUSG00000073802.5	0.0317034228128694	-0.0411538448171544	ENSMUSG00000073802	Cdkn2b	CDKN2B
ENSMUSG00000024277.14	0.000777587792043869	0.0144044100770722	ENSMUSG00000024277	Mapre2	MAPRE2
ENSMUSG00000037313.16	-0.0625136678218941	-0.110602117839447	ENSMUSG00000037313	Tacc3	TACC3
ENSMUSG00000003813.15	-0.00243434855095555	-0.000735992674025382	ENSMUSG00000003813	Rad23a	RAD23A
ENSMUSG00000066357.6	0.00978369777985467	0.0149527644961621	ENSMUSG00000066357	Wdr6	WDR6
ENSMUSG00000037286.15	-0.0277636671770904	0.00585135545254737	ENSMUSG00000037286	Stag1	STAG1
ENSMUSG00000019303.14	-0.0668661305290637	0.0502671730556972	ENSMUSG00000019303	Psmc3ip	PSMC3IP
ENSMUSG00000061288.13	0.00453166194826175	0.0130389946456135	ENSMUSG00000061288	Taok3	TAOK3
ENSMUSG00000002297.16	-0.0817553803812122	-0.00910438556175788	ENSMUSG00000002297	Dbf4	DBF4
ENSMUSG00000044783.16	-0.0750865456168659	0.036216539440989	ENSMUSG00000044783	Hjurp	HJURP
ENSMUSG00000041912.12	-0.0127614516716856	0.00855625640368837	ENSMUSG00000041912	Tdrkh	TDRKH
ENSMUSG00000024660.9	-0.100303369394695	0.00211955596849119	ENSMUSG00000024660	Incenp	INCENP
ENSMUSG00000019978.16	-0.0153081117574074	-0.00602058826139134	ENSMUSG00000019978	Epb41l2	EPB41L2
ENSMUSG00000021115.15	-0.0592116713155131	0.0210236783842031	ENSMUSG00000021115	Vrk1	VRK1
ENSMUSG00000024533.17	-0.00526469624863602	0.0166453210206184	ENSMUSG00000024533	Spire1	SPIRE1
ENSMUSG00000004455.16	-0.0458647535807377	0.0197964359614919	ENSMUSG00000004455	Ppp1cc	PPP1CC
ENSMUSG00000000751.13	-0.0428343860829633	0.0644159246382281	ENSMUSG00000000751	Rpa1	RPA1
ENSMUSG00000020900.15	-0.0273612584035324	0.0118114621678075	ENSMUSG00000020900	Myh10	MYH10
ENSMUSG00000003518.13	0.018070296027124	0.01534539360245	ENSMUSG00000003518	Dusp3	DUSP3
ENSMUSG00000028896.13	-0.0379554985444489	0.021282503946012	ENSMUSG00000028896	Rcc1	RCC1
ENSMUSG00000032411.15	-0.00971191157646192	0.0246495758154267	ENSMUSG00000032411	Tfdp2	TFDP2
ENSMUSG00000021958.5	-0.00459827610764273	0.0151845515040156	ENSMUSG00000021958	Pinx1	PINX1
ENSMUSG00000012483.4	-0.0256384510572362	0.016425859353219	ENSMUSG00000012483	Rpa3	RPA3
ENSMUSG00000041415.10	-0.00630521558444908	0.0135691947320038	ENSMUSG00000041415	Dicer1	DICER1
ENSMUSG00000022443.17	-0.00482593664315451	-0.0145889936687147	ENSMUSG00000022443	Myh9	MYH9
ENSMUSG00000021820.18	-0.00249665448250177	0.0157808565053046	ENSMUSG00000021820	Camk2g	CAMK2G
ENSMUSG00000056758.14	0.0226987619372063	0.00241874494891403	ENSMUSG00000056758	Hmga2	HMGA2
ENSMUSG00000026932.14	0.00883462032432216	-0.00750770476458542	ENSMUSG00000026932	Nacc2	NACC2
ENSMUSG00000004031.13	-0.0093775917359189	0.0097612591844293	ENSMUSG00000004031	Brinp2	BRINP2
ENSMUSG00000051675.13	-0.000618196706940634	0.000865147810674882	ENSMUSG00000051675	Trim32	TRIM32
ENSMUSG00000022346.16	0.00865397732418931	0.0113473677110618	ENSMUSG00000022346	Myc	MYC
ENSMUSG00000032555.10	-0.0569732150730215	0.0913925987749863	ENSMUSG00000032555	Topbp1	TOPBP1
ENSMUSG00000037032.16	0.00994745516207532	0.00710769811385967	ENSMUSG00000037032	Apbb1	APBB1
ENSMUSG00000022678.16	-0.0510584368967698	-0.0686819116881033	ENSMUSG00000022678	Nde1	NDE1
ENSMUSG00000036202.16	-0.0306910435577742	0.0806470157345847	ENSMUSG00000036202	Rif1	RIF1
ENSMUSG00000042506.15	0.00244501381936048	-0.0018434371048624	ENSMUSG00000042506	Usp22	USP22
ENSMUSG00000039220.16	-0.000780696197942082	-0.0131050280749122	ENSMUSG00000039220	Ppp1r10	PPP1R10
ENSMUSG00000024943.9	-0.0250395127609365	0.0343715744147334	ENSMUSG00000024943	Smc5	SMC5
ENSMUSG00000000552.10	0.00892200635423901	0.00385700585908758	ENSMUSG00000000552	Zfp385a	ZFP385A
ENSMUSG00000060675.13	0.00636585069551944	0.00248271510972437	ENSMUSG00000060675	Plaat3	PLAAT3
ENSMUSG00000002068.16	-0.0355867168321365	0.150273615921774	ENSMUSG00000002068	Ccne1	CCNE1
ENSMUSG00000028549.17	-0.0311168287211395	-0.00533854436316389	ENSMUSG00000028549	Itgb3bp	ITGB3BP
ENSMUSG00000003031.14	-0.0179007429846616	-0.0112741898024055	ENSMUSG00000003031	Cdkn1b	CDKN1B
ENSMUSG00000053819.16	-0.000379113033939697	0.00808482445868597	ENSMUSG00000053819	Camk2d	CAMK2D
ENSMUSG00000037628.10	-0.0537422531288174	-0.105830805739018	ENSMUSG00000037628	Cdkn3	CDKN3
ENSMUSG00000032218.7	-0.0627036840173614	-0.101838895702095	ENSMUSG00000032218	Ccnb2	CCNB2
ENSMUSG00000056214.9	-0.00942390065769385	0.0231726457512413	ENSMUSG00000056214	Pard6g	PARD6G
ENSMUSG00000020380.16	-0.0365681086383551	0.0386842989069067	ENSMUSG00000020380	Rad50	RAD50
ENSMUSG00000032376.12	-0.00690531743134235	0.00632300474508329	ENSMUSG00000032376	Usp3	USP3
ENSMUSG00000024742.15	-0.0567015213498539	0.113414308057268	ENSMUSG00000024742	Fen1	FEN1
ENSMUSG00000035342.14	-0.00196164912937427	0.00924726327112922	ENSMUSG00000035342	Lzts2	LZTS2
ENSMUSG00000058587.9	-0.00640282394118548	0.00420271337327646	ENSMUSG00000058587	Tmod3	TMOD3
ENSMUSG00000034021.15	-0.0312288296050918	0.0318424308036153	ENSMUSG00000034021	Pds5b	PDS5B
ENSMUSG00000060475.13	0.000569916761538267	0.0145175405919527	ENSMUSG00000060475	Wtap	WTAP
ENSMUSG00000053398.11	-0.00781941480941433	0.0118361146072114	ENSMUSG00000053398	Phgdh	PHGDH
ENSMUSG00000042489.15	-0.0738659870149219	0.103280756855682	ENSMUSG00000042489	Clspn	CLSPN
ENSMUSG00000030677.8	-0.0885378022408483	-0.0703715187019714	ENSMUSG00000030677	Kif22	KIF22
ENSMUSG00000027496.15	-0.0913684083551586	-0.0730761781072901	ENSMUSG00000027496	Aurka	AURKA
ENSMUSG00000027331.15	-0.0746452151085082	-0.112783639837695	ENSMUSG00000027331	Knstrn	KNSTRN
ENSMUSG00000029910.14	-0.0752761782100677	-0.0153984278368183	ENSMUSG00000029910	Mad2l1	MAD2L1
ENSMUSG00000048170.14	-0.0179351799290368	0.027416749517742	ENSMUSG00000048170	Mcmbp	MCMBP
ENSMUSG00000028820.13	-0.0179960417561793	-0.00229794972000745	ENSMUSG00000028820	Sfpq	SFPQ
ENSMUSG00000024777.10	0.0068535001819827	0.00206405466131811	ENSMUSG00000024777	Ppp2r5b	PPP2R5B
ENSMUSG00000057614.6	-0.00357145345717809	0.0200855604456476	ENSMUSG00000057614	Gnai1	GNAI1
ENSMUSG00000033088.19	-0.0215379510901384	-0.0460710288027425	ENSMUSG00000033088	Triobp	TRIOBP
ENSMUSG00000024287.8	-0.00371407422121751	0.00382321439640314	ENSMUSG00000024287	Thoc1	THOC1
ENSMUSG00000067787.10	0.0119272893902162	-0.0116890152514901	ENSMUSG00000067787	Blcap	BLCAP
ENSMUSG00000001034.17	-0.00633059844706395	0.012364553232183	ENSMUSG00000001034	Mapk7	MAPK7
ENSMUSG00000021190.14	-0.00144978139161082	0.00659528705571046	ENSMUSG00000021190	Lgmn	LGMN
ENSMUSG00000037474.13	-0.0421615453691911	0.128671865747724	ENSMUSG00000037474	Dtl	DTL
ENSMUSG00000040034.15	-0.0316798615464206	0.047933980914898	ENSMUSG00000040034	Nup43	NUP43
ENSMUSG00000035437.15	0.00642362894787998	0.01117905070003	ENSMUSG00000035437	Rabgap1	RABGAP1
ENSMUSG00000019773.7	-0.0798609880342507	0.068672915126476	ENSMUSG00000019773	Fbxo5	FBXO5
ENSMUSG00000039239.14	0.0119828317432236	-0.0196453239172092	ENSMUSG00000039239	Tgfb2	TGFB2
ENSMUSG00000065954.11	-0.00327341784807167	0.0098472516824521	ENSMUSG00000065954	Tacc1	TACC1
ENSMUSG00000041238.16	-0.0358551544382579	0.0475661886296275	ENSMUSG00000041238	Rbbp8	RBBP8
ENSMUSG00000022945.12	-0.0502907926563359	0.137030683626227	ENSMUSG00000022945	Chaf1b	CHAF1B
ENSMUSG00000078429.9	-0.00910728699513606	0.00851307722709216	ENSMUSG00000078429	Ctdsp2	CTDSP2
ENSMUSG00000028211.11	0.00533966560617894	-0.033011847850197	ENSMUSG00000028211	Trp53inp1	TRP53INP1
ENSMUSG00000020694.17	-0.00276430350135215	-0.00559891464450509	ENSMUSG00000020694	Tlk2	TLK2
ENSMUSG00000022018.7	-4.28353001950196e-05	0.0354410499049071	ENSMUSG00000022018	Rgcc	RGCC
ENSMUSG00000032855.6	0.00180440725488711	0.00715179626821149	ENSMUSG00000032855	Pkd1	PKD1
ENSMUSG00000047534.17	-0.0868966333731205	-0.0326583331373132	ENSMUSG00000047534	Mis18bp1	MIS18BP1
ENSMUSG00000031201.17	-0.0148331028571088	0.00992066854353315	ENSMUSG00000031201	Brcc3	BRCC3
ENSMUSG00000007041.9	0.00555780111263463	-0.0456181720316908	ENSMUSG00000007041	Clic1	CLIC1
ENSMUSG00000020897.12	-0.0879529778894798	-0.0016244253693961	ENSMUSG00000020897	Aurkb	AURKB
ENSMUSG00000002835.9	-0.0570467647201508	0.116577296604839	ENSMUSG00000002835	Chaf1a	CHAF1A
ENSMUSG00000038539.15	-0.00101773571381177	-0.00268603717320753	ENSMUSG00000038539	Atf5	ATF5
ENSMUSG00000041840.8	-0.0285093910252795	0.00381169891007204	ENSMUSG00000041840	Haus1	HAUS1
ENSMUSG00000064302.13	-0.00755556688048637	0.00828824178700163	ENSMUSG00000064302	Clasp1	CLASP1
ENSMUSG00000027285.13	-0.00808067981577154	0.00857167098740615	ENSMUSG00000027285	Haus2	HAUS2
ENSMUSG00000058672.7	-0.0039329771209959	-0.00146440243053281	ENSMUSG00000058672	Tubb2a	TUBB2A
ENSMUSG00000050965.14	0.00291480187082823	0.0102065723654198	ENSMUSG00000050965	Prkca	PRKCA
ENSMUSG00000045210.8	0.00126010501811156	0.00319738579993471	ENSMUSG00000045210	Vcpip1	VCPIP1
ENSMUSG00000031328.16	-0.00222658203976159	-0.00236720083793829	ENSMUSG00000031328	Flna	FLNA
ENSMUSG00000056763.16	-0.0124459016944846	-0.00510342620411623	ENSMUSG00000056763	Cspp1	CSPP1
ENSMUSG00000007659.18	0.01031608921647	-0.00493561873734067	ENSMUSG00000007659	Bcl2l1	BCL2L1
ENSMUSG00000020492.11	-0.0569143508247826	-0.0121017103138757	ENSMUSG00000020492	Ska2	SKA2
ENSMUSG00000026039.9	-0.0802824769941915	-0.0196437978459583	ENSMUSG00000026039	Sgo2a	SGO2A
ENSMUSG00000093803.3	-0.0050698952430346	-0.0054815685987942	ENSMUSG00000093803	Ppp2r3d	PPP2R3D
ENSMUSG00000044791.16	-0.00863508257762657	0.00271893705967992	ENSMUSG00000044791	Setd2	SETD2
ENSMUSG00000027490.17	-0.042155875706097	0.11082822396914	ENSMUSG00000027490	E2f1	E2F1
ENSMUSG00000022673.5	-0.0371435620082671	0.0874514891532862	ENSMUSG00000022673	Mcm4	MCM4
ENSMUSG00000027326.13	-0.0858801811227071	-0.0228763115115111	ENSMUSG00000027326	Knl1	KNL1
ENSMUSG00000025138.14	0.00320998136094071	0.00960077406039942	ENSMUSG00000025138	Sirt7	SIRT7
ENSMUSG00000005533.10	-0.00183034234292353	0.0171321200572439	ENSMUSG00000005533	Igf1r	IGF1R
ENSMUSG00000022456.18	-0.0107944665549028	0.0433784596014803	ENSMUSG00000022456	Septin3	SEPTIN3
ENSMUSG00000036432.8	-0.00305463641046243	0.0055797923177832	ENSMUSG00000036432	Siah2	SIAH2
ENSMUSG00000052534.15	0.000211656506401234	0.0109385608093505	ENSMUSG00000052534	Pbx1	PBX1
ENSMUSG00000023940.14	-0.0786787631883438	0.00226123440982836	ENSMUSG00000023940	Sgo1	SGO1
ENSMUSG00000028059.16	-0.00609826081193336	-0.00227950782850289	ENSMUSG00000028059	Arhgef2	ARHGEF2
ENSMUSG00000026683.14	-0.07367858549606	-0.0359237389790345	ENSMUSG00000026683	Nuf2	NUF2
ENSMUSG00000044707.7	0.00977464890894253	-0.00825618114757091	ENSMUSG00000044707	Ccnjl	CCNJL
ENSMUSG00000042508.16	-0.00169841334746423	0.0111216016416301	ENSMUSG00000042508	Dmtf1	DMTF1
ENSMUSG00000027499.12	-0.00147386823788666	0.00338598606350966	ENSMUSG00000027499	Pkia	PKIA
ENSMUSG00000022556.11	-0.0037034426134607	0.0120387976362259	ENSMUSG00000022556	Hsf1	HSF1
ENSMUSG00000023977.15	-0.00278422917593567	0.00235047105453791	ENSMUSG00000023977	Ubr2	UBR2
ENSMUSG00000054115.11	-0.0286250437382173	0.067995314663703	ENSMUSG00000054115	Skp2	SKP2
ENSMUSG00000042364.11	-0.000967683233903335	0.00967365643572462	ENSMUSG00000042364	Snx18	SNX18
ENSMUSG00000027998.11	-0.00528238663928072	0.00932828129973267	ENSMUSG00000027998	Plrg1	PLRG1
ENSMUSG00000021714.15	-0.0521336312975696	0.038043348629061	ENSMUSG00000021714	Cenpk	CENPK
ENSMUSG00000010175.13	0.0114319385469012	0.000116414632981376	ENSMUSG00000010175	Prox1	PROX1
ENSMUSG00000066306.13	-0.022926458335407	-0.00657266941386801	ENSMUSG00000066306	Numa1	NUMA1
ENSMUSG00000018160.15	-0.0087108490488132	0.00255924538545637	ENSMUSG00000018160	Med1	MED1
ENSMUSG00000021466.12	-0.0023420777504058	0.00684859403403039	ENSMUSG00000021466	Ptch1	PTCH1
ENSMUSG00000034311.3	-0.0789825555985793	-0.036571067075238	ENSMUSG00000034311	Kif4	KIF4
ENSMUSG00000038252.13	-0.0581460985282488	-0.00978613905890015	ENSMUSG00000038252	Ncapd2	NCAPD2
ENSMUSG00000032010.15	-0.0143377417588153	-0.0326265880578473	ENSMUSG00000032010	Usp2	USP2
ENSMUSG00000023572.16	0.00495513976172404	0.00259101252771429	ENSMUSG00000023572	Ccndbp1	CCNDBP1
ENSMUSG00000032477.14	-0.0216674288451122	0.0554760174543861	ENSMUSG00000032477	Cdc25a	CDC25A
ENSMUSG00000024190.7	0.00239761302128953	7.91865040534617e-05	ENSMUSG00000024190	Dusp1	DUSP1
ENSMUSG00000024906.10	0.00352752055656053	0.000441556629430461	ENSMUSG00000024906	Mus81	MUS81
ENSMUSG00000034930.16	0.00360174088551773	0.00414574642733433	ENSMUSG00000034930	Rtkn	RTKN
ENSMUSG00000028282.12	-0.0220053497782245	0.0692594555134578	ENSMUSG00000028282	Casp8ap2	CASP8AP2
ENSMUSG00000035024.16	-0.0419954967765993	0.06163235868555	ENSMUSG00000035024	Ncapd3	NCAPD3
ENSMUSG00000039994.15	-0.0448069692943324	0.0779100632230444	ENSMUSG00000039994	Timeless	TIMELESS
ENSMUSG00000061665.7	-0.00696372261798931	0.0163661291952474	ENSMUSG00000061665	Cd2ap	CD2AP
ENSMUSG00000006676.16	0.00373733328576943	-0.00107736366189321	ENSMUSG00000006676	Usp19	USP19
ENSMUSG00000018736.14	-0.00118104073467226	-0.00155744022356923	ENSMUSG00000018736	Ndel1	NDEL1
ENSMUSG00000012443.4	-0.0747683763563275	-0.0423339998562742	ENSMUSG00000012443	Kif11	KIF11
ENSMUSG00000040599.13	-0.0294995180172108	0.0508649091423233	ENSMUSG00000040599	Mis12	MIS12
ENSMUSG00000025758.10	-0.0534671102894475	0.0415931054078617	ENSMUSG00000025758	Plk4	PLK4
ENSMUSG00000046111.17	-0.0341335910820876	0.00373645237624325	ENSMUSG00000046111	Cep295	CEP295
ENSMUSG00000034154.15	-0.00676709249673036	0.011510520548542	ENSMUSG00000034154	Ino80	INO80
ENSMUSG00000033952.14	-0.0749603128929056	-0.0773338197373318	ENSMUSG00000033952	Aspm	ASPM
ENSMUSG00000035439.13	-0.0322325599495014	0.0276702825421963	ENSMUSG00000035439	Haus8	HAUS8
ENSMUSG00000003824.12	-0.0321620538610856	0.0141118641592974	ENSMUSG00000003824	Syce2	SYCE2
ENSMUSG00000022034.10	-0.0695870194736363	0.0532797324407247	ENSMUSG00000022034	Esco2	ESCO2
ENSMUSG00000024795.11	-0.0697321585962996	-0.0254255424748417	ENSMUSG00000024795	Kif20b	KIF20B
ENSMUSG00000029161.7	0.0192202024372127	-0.0108922446974248	ENSMUSG00000029161	Cgref1	CGREF1
ENSMUSG00000030397.11	0.00516388019976462	-0.00329113599372011	ENSMUSG00000030397	Mark4	MARK4
ENSMUSG00000006906.10	0.00961474607910106	0.00445866413329	ENSMUSG00000006906	Stambp	STAMBP
ENSMUSG00000026646.16	-0.0357892500474784	0.0212852433159677	ENSMUSG00000026646	Suv39h2	SUV39H2
ENSMUSG00000036825.12	-0.0177564187879516	0.0142572735056313	ENSMUSG00000036825	Ssx2ip	SSX2IP
ENSMUSG00000025408.15	0.00486971100855612	-0.0100818648085571	ENSMUSG00000025408	Ddit3	DDIT3
ENSMUSG00000020038.10	-0.00349727646565758	0.00806680529277339	ENSMUSG00000020038	Cry1	CRY1
ENSMUSG00000045273.8	-0.0511707029893465	0.0270179085917462	ENSMUSG00000045273	Cenph	CENPH
ENSMUSG00000027394.13	-0.0100447913858225	0.00671214577808759	ENSMUSG00000027394	Ttl	TTL
ENSMUSG00000029253.12	-0.0356300799352302	-0.0279281121046247	ENSMUSG00000029253	Cenpc1	CENPC1
ENSMUSG00000026883.17	-0.00601154292094561	0.0114171083053114	ENSMUSG00000026883	Dab2ip	DAB2IP
ENSMUSG00000020525.17	-0.0143247062718521	0.0160309924173259	ENSMUSG00000020525	Ppm1d	PPM1D
ENSMUSG00000079553.11	-0.0570959035917561	-0.0376542740720177	ENSMUSG00000079553	Kifc1	KIFC1
ENSMUSG00000068580.11	0.00762065722904078	0.00588418299058532	ENSMUSG00000068580	Zfyve19	ZFYVE19
ENSMUSG00000021690.10	-0.00150770650441169	0.00663143821333541	ENSMUSG00000021690	Jmy	JMY
ENSMUSG00000057329.7	-0.00504008272749263	0.0110611053459291	ENSMUSG00000057329	Bcl2	BCL2
ENSMUSG00000069089.8	0.00311317575373316	-0.0115509943680232	ENSMUSG00000069089	Cdk7	CDK7
ENSMUSG00000038070.15	-0.0248727684433185	0.00334198124281878	ENSMUSG00000038070	Cntln	CNTLN
ENSMUSG00000031393.16	-0.00736418537928653	0.00827227232057571	ENSMUSG00000031393	Mecp2	MECP2
ENSMUSG00000000184.12	0.0352158149228804	0.0209826779631306	ENSMUSG00000000184	Ccnd2	CCND2
ENSMUSG00000040746.15	-0.00344372145450266	0.00292992575242215	ENSMUSG00000040746	Rnf167	RNF167
ENSMUSG00000025812.18	-0.00716130181970254	0.0113601750400091	ENSMUSG00000025812	Pard3	PARD3
ENSMUSG00000025358.16	-0.0268390907790896	0.0584656869242584	ENSMUSG00000025358	Cdk2	CDK2
ENSMUSG00000034653.11	-0.00905871758280748	0.0151748393870713	ENSMUSG00000034653	Ythdc2	YTHDC2
ENSMUSG00000033900.13	0.00225172073680855	0.000426254596449698	ENSMUSG00000033900	Map9	MAP9
ENSMUSG00000027654.2	-0.0392413980002702	-0.0239578945952591	ENSMUSG00000027654	Fam83d	FAM83D
ENSMUSG00000035351.16	-0.0293872068865709	-0.010299640833669	ENSMUSG00000035351	Nup37	NUP37
ENSMUSG00000027425.18	-0.00392429527923116	0.0106476850901249	ENSMUSG00000027425	Kat14	KAT14
ENSMUSG00000002625.10	0.00133245261819205	-0.0107642068347102	ENSMUSG00000002625	Akap8l	AKAP8L
ENSMUSG00000027115.14	-0.0500592632906559	-0.00724068919416369	ENSMUSG00000027115	Kif18a	KIF18A
ENSMUSG00000048922.18	-0.0684890656592067	-0.00486117936315808	ENSMUSG00000048922	Cdca2	CDCA2
ENSMUSG00000018697.14	0.0017867690848751	0.00431695381035362	ENSMUSG00000018697	Aatf	AATF
ENSMUSG00000004895.9	-0.00516151166748423	0.00554622722313427	ENSMUSG00000004895	Prcc	PRCC
ENSMUSG00000022772.12	-0.00118870513798772	0.00236591588913877	ENSMUSG00000022772	Senp5	SENP5
ENSMUSG00000078521.2	-0.0461456263063808	0.0768238555065505	ENSMUSG00000078521	Aunip	AUNIP
ENSMUSG00000031016.9	-0.0388838822879214	0.0391062936895652	ENSMUSG00000031016	Wee1	WEE1
ENSMUSG00000022893.14	0.00775497762993618	0.00597407923071601	ENSMUSG00000022893	Adamts1	ADAMTS1
ENSMUSG00000016984.7	-0.0237289303907258	0.0601544349236037	ENSMUSG00000016984	Etaa1	ETAA1
ENSMUSG00000026790.19	-0.0271376888848236	-0.0206667767551334	ENSMUSG00000026790	Odf2	ODF2
ENSMUSG00000033712.6	-0.00301540150701179	0.00389287305672297	ENSMUSG00000033712	Ccar2	CCAR2
ENSMUSG00000022702.16	-0.00479680898075318	0.0109283274743563	ENSMUSG00000022702	Hira	HIRA
ENSMUSG00000015880.13	-0.0635913746268186	-0.0183771374580325	ENSMUSG00000015880	Ncapg	NCAPG
ENSMUSG00000018965.11	-0.00740220963035604	0.0242649113604183	ENSMUSG00000018965	Ywhah	YWHAH
ENSMUSG00000021994.15	0.00264274731122481	0.00722845172200633	ENSMUSG00000021994	Wnt5a	WNT5A
ENSMUSG00000028926.15	-0.00407831896949771	0.00831157475095066	ENSMUSG00000028926	Cdk14	CDK14
ENSMUSG00000024151.13	-0.0180287748006146	0.0361890773240617	ENSMUSG00000024151	Msh2	MSH2
ENSMUSG00000042029.7	-0.0480605423288167	0.0581792891756279	ENSMUSG00000042029	Ncapg2	NCAPG2
ENSMUSG00000025646.9	-0.000712816450810865	0.02214320198633	ENSMUSG00000025646	Atrip	ATRIP
ENSMUSG00000027475.9	0.0017032337774477	-0.00291826891436599	ENSMUSG00000027475	Kif3b	KIF3B
ENSMUSG00000016477.18	-0.0142952867810811	0.0398398445738284	ENSMUSG00000016477	E2f3	E2F3
ENSMUSG00000052397.8	-0.00295172645596458	0.00213702346421101	ENSMUSG00000052397	Ezr	EZR
ENSMUSG00000005370.4	-0.0151473669796897	0.0538301278727699	ENSMUSG00000005370	Msh6	MSH6
ENSMUSG00000014668.15	-0.00280263219958891	0.00050164852064307	ENSMUSG00000014668	Chfr	CHFR
ENSMUSG00000033364.13	-0.0143220922420109	0.044464154930663	ENSMUSG00000033364	Usp37	USP37
ENSMUSG00000030428.16	0.00699769429923754	0.000952586589940931	ENSMUSG00000030428	Ttyh1	TTYH1
ENSMUSG00000034906.15	-0.0500816243139314	0.00610293149904739	ENSMUSG00000034906	Ncaph	NCAPH
ENSMUSG00000044066.14	-0.00546993878622913	0.00943601528864139	ENSMUSG00000044066	Cep68	CEP68
ENSMUSG00000026991.20	-0.0239380704555817	0.00251129833756036	ENSMUSG00000026991	Pkp4	PKP4
ENSMUSG00000013698.12	0.0150493391734043	0.00813685529897434	ENSMUSG00000013698	Pea15a	PEA15A
ENSMUSG00000022750.18	-0.00167217672282703	0.00682091971991993	ENSMUSG00000022750	Klhl22	KLHL22
ENSMUSG00000044548.11	0.000695872420856482	0.00389763506546817	ENSMUSG00000044548	Dact1	DACT1
ENSMUSG00000026027.13	0.00419933983535303	0.0039055822536702	ENSMUSG00000026027	Stradb	STRADB
ENSMUSG00000040084.9	-0.0592104097863694	-0.0479825252926569	ENSMUSG00000040084	Bub1b	BUB1B
ENSMUSG00000020692.14	0.000402408609042874	0.0130020289888437	ENSMUSG00000020692	Nle1	NLE1
ENSMUSG00000028583.14	-8.73098192934395e-05	0.00143006167626317	ENSMUSG00000028583	Pdpn	PDPN
ENSMUSG00000029238.11	0.00191063531749229	0.0121287914634176	ENSMUSG00000029238	Clock	CLOCK
ENSMUSG00000032410.13	-0.00398654785148421	0.00214027856964607	ENSMUSG00000032410	Xrn1	XRN1
ENSMUSG00000027646.15	-0.000374741765994752	6.97383830575386e-05	ENSMUSG00000027646	Src	SRC
ENSMUSG00000027379.13	-0.0555977646466835	-0.0200991419430045	ENSMUSG00000027379	Bub1	BUB1
ENSMUSG00000045482.16	-0.00185863871430145	0.0111460253844426	ENSMUSG00000045482	Trrap	TRRAP
ENSMUSG00000044201.10	-0.0508494302060599	-0.0670724913199897	ENSMUSG00000044201	Cdc25c	CDC25C
ENSMUSG00000055024.12	-0.00341707511904045	-0.00313448155727888	ENSMUSG00000055024	Ep300	EP300
ENSMUSG00000047710.8	0.000366406569127058	0.00627686961855781	ENSMUSG00000047710	Champ1	CHAMP1
ENSMUSG00000033444.14	-0.00483158330258826	0.00514535107167154	ENSMUSG00000033444	Specc1l	SPECC1L
ENSMUSG00000031242.7	-0.00354878346355689	0.00219325588203979	ENSMUSG00000031242	2610002M06Rik	2610002M06RIK
ENSMUSG00000029207.16	0.00294793758988107	0.00811570344559582	ENSMUSG00000029207	Apbb2	APBB2
ENSMUSG00000028678.13	-0.0605003253115059	-0.0575793501119838	ENSMUSG00000028678	Kif2c	KIF2C
ENSMUSG00000032633.12	0.0030276543922033	-0.00334676553799233	ENSMUSG00000032633	Flcn	FLCN
ENSMUSG00000018651.14	-0.00556447769285794	0.0215364772389449	ENSMUSG00000018651	Tada2a	TADA2A
ENSMUSG00000028614.14	-0.0315545758651893	0.00357441225971922	ENSMUSG00000028614	Ndc1	NDC1
ENSMUSG00000000142.15	-0.00406834212852013	0.00443936392974194	ENSMUSG00000000142	Axin2	AXIN2
ENSMUSG00000028333.10	-0.0424124782971751	0.025968173974779	ENSMUSG00000028333	Anp32b	ANP32B
ENSMUSG00000042303.19	-0.00128516174996041	0.00905327125585891	ENSMUSG00000042303	Sgsm3	SGSM3
ENSMUSG00000006678.6	-0.0297159025354985	0.0326862443405093	ENSMUSG00000006678	Pola1	POLA1
ENSMUSG00000000028.15	-0.0356394250948495	0.0694521512469127	ENSMUSG00000000028	Cdc45	CDC45
ENSMUSG00000040651.9	-0.00513931135080866	0.00134975322240681	ENSMUSG00000040651	Tasor	TASOR
ENSMUSG00000072082.7	-0.056386265061261	-0.026757043224672	ENSMUSG00000072082	Ccnf	CCNF
ENSMUSG00000020015.10	0.000291514282767497	0.00266711009916065	ENSMUSG00000020015	Cdk17	CDK17
ENSMUSG00000029516.19	-0.0518023054037189	-0.00760635767635715	ENSMUSG00000029516	Cit	CIT
ENSMUSG00000028212.16	-0.0273558806167877	0.104952842932717	ENSMUSG00000028212	Ccne2	CCNE2
ENSMUSG00000002221.11	-0.0209350540132944	0.0332404364678304	ENSMUSG00000002221	Paxip1	PAXIP1
ENSMUSG00000017550.14	-0.0265374768133048	0.0680868806553684	ENSMUSG00000017550	Atad5	ATAD5
ENSMUSG00000039748.11	-0.0347011144864087	0.0761330451516877	ENSMUSG00000039748	Exo1	EXO1
ENSMUSG00000036223.16	-0.0548446971772098	-0.0159751877282555	ENSMUSG00000036223	Ska1	SKA1
ENSMUSG00000020263.14	-0.00126422643793252	0.00843247972462425	ENSMUSG00000020263	Appl2	APPL2
ENSMUSG00000023908.8	-0.0341873708629677	0.0235712429871283	ENSMUSG00000023908	Pkmyt1	PKMYT1
ENSMUSG00000025925.14	-0.0301873523194795	-0.0209635020542125	ENSMUSG00000025925	Terf1	TERF1
ENSMUSG00000018841.17	-0.000162007639877493	0.00346831456550662	ENSMUSG00000018841	Rad51d	RAD51D
ENSMUSG00000027168.21	-0.0222210540076116	-0.00806024149068664	ENSMUSG00000027168	Pax6	PAX6
ENSMUSG00000028702.15	-0.0362734357726587	0.0538437947107273	ENSMUSG00000028702	Rad54l	RAD54L
ENSMUSG00000026491.13	-0.0130329654966868	0.015411978033907	ENSMUSG00000026491	Ahctf1	AHCTF1
ENSMUSG00000009681.10	0.000657409806194815	0.0144904673081992	ENSMUSG00000009681	Bcr	BCR
ENSMUSG00000029022.18	-0.0343354537842214	-0.0502064869151682	ENSMUSG00000029022	Miip	MIIP
ENSMUSG00000061607.15	-0.0360801181098938	0.0250459530439686	ENSMUSG00000061607	Mdc1	MDC1
ENSMUSG00000042750.7	0.00281033994533058	0.00941907171073221	ENSMUSG00000042750	Bex2	BEX2
ENSMUSG00000037544.14	-0.0433477074122103	-0.049924419433604	ENSMUSG00000037544	Dlgap5	DLGAP5
ENSMUSG00000021597.16	-0.0218372042396789	0.0401363869516454	ENSMUSG00000021597	Slf1	SLF1
ENSMUSG00000032221.14	-0.0376832884862402	-0.0143990739815865	ENSMUSG00000032221	Mns1	MNS1
ENSMUSG00000060657.8	-0.00110905763624208	-0.000288027453825353	ENSMUSG00000060657	Marf1	MARF1
ENSMUSG00000020464.15	-0.0038392767269354	0.00426102483449866	ENSMUSG00000020464	Pnpt1	PNPT1
ENSMUSG00000003604.14	-0.00180991507082603	0.0188660137968587	ENSMUSG00000003604	Aven	AVEN
ENSMUSG00000041096.13	0.00472692207852033	-0.00527241940731837	ENSMUSG00000041096	Tspyl2	TSPYL2
ENSMUSG00000041147.10	-0.032561200969028	0.0402246723858339	ENSMUSG00000041147	Brca2	BRCA2
ENSMUSG00000020541.12	0.00390376580758108	0.00583577178520441	ENSMUSG00000020541	Tom1l1	TOM1L1
ENSMUSG00000032254.10	-0.0546548364942023	-0.0259660461257825	ENSMUSG00000032254	Kif23	KIF23
ENSMUSG00000022070.7	-0.0466569725697666	-0.0156581873189794	ENSMUSG00000022070	Bora	BORA
ENSMUSG00000022064.10	0.00289432574325195	-0.000691620433802944	ENSMUSG00000022064	Pibf1	PIBF1
ENSMUSG00000021569.10	-0.0390856702387863	0.00527737452347016	ENSMUSG00000021569	Trip13	TRIP13
ENSMUSG00000019803.11	-0.0135798864267981	0.00489524441499175	ENSMUSG00000019803	Nr2e1	NR2E1
ENSMUSG00000036097.8	-0.00398084171800558	0.0213726935959238	ENSMUSG00000036097	Slf2	SLF2
ENSMUSG00000022124.15	0.000244947340741188	-0.00491740424889848	ENSMUSG00000022124	Fbxl3	FBXL3
ENSMUSG00000019917.10	-0.012508892834115	-0.000328523486175639	ENSMUSG00000019917	Septin10	SEPTIN10
ENSMUSG00000027883.15	-0.0288321957167497	-0.0330617334606344	ENSMUSG00000027883	Gpsm2	GPSM2
ENSMUSG00000031928.15	-0.0171249769342856	0.0250095891794849	ENSMUSG00000031928	Mre11a	MRE11A
ENSMUSG00000031644.19	-0.00245314057037309	0.00403971922007008	ENSMUSG00000031644	Nek1	NEK1
ENSMUSG00000010067.13	-0.00975225107915427	-0.00166510938618443	ENSMUSG00000010067	Rassf1	RASSF1
ENSMUSG00000031921.17	-0.00841934360117407	0.00174982896078899	ENSMUSG00000031921	Terf2	TERF2
ENSMUSG00000050890.15	-0.00647218967243441	0.0177766874042122	ENSMUSG00000050890	Pdik1l	PDIK1L
ENSMUSG00000025764.14	-0.0247872492972989	0.0193085185125085	ENSMUSG00000025764	Jade1	JADE1
ENSMUSG00000002546.17	0.00518708747967859	-0.00145812469880952	ENSMUSG00000002546	Golga2	GOLGA2
ENSMUSG00000036106.15	0.00145442152309674	0.0212144326877775	ENSMUSG00000036106	Prr5	PRR5
ENSMUSG00000022177.9	-0.0279622880949427	0.0321113742909414	ENSMUSG00000022177	Haus4	HAUS4
ENSMUSG00000033392.16	-0.00106201320553693	0.00280749476844828	ENSMUSG00000033392	Clasp2	CLASP2
ENSMUSG00000039057.11	7.26091175314511e-05	0.0139940787847522	ENSMUSG00000039057	Myo16	MYO16
ENSMUSG00000029501.14	-0.00329371267412653	0.000257636519883371	ENSMUSG00000029501	Ankle2	ANKLE2
ENSMUSG00000035683.13	-0.0469314527471249	-0.00625188563812277	ENSMUSG00000035683	Melk	MELK
ENSMUSG00000003814.8	0.0201948822336917	0.0222490776014603	ENSMUSG00000003814	Calr	CALR
ENSMUSG00000024050.18	-0.00582166474520632	0.00072800289650993	ENSMUSG00000024050	Wiz	WIZ
ENSMUSG00000057110.15	-0.0214952548469667	-0.024715960775771	ENSMUSG00000057110	Cntrl	CNTRL
ENSMUSG00000022184.8	0.00670489294571631	0.00225812934784475	ENSMUSG00000022184	Fbxo4	FBXO4
ENSMUSG00000025437.15	-0.000580169832045982	-0.00366220871592266	ENSMUSG00000025437	Usp33	USP33
ENSMUSG00000001151.10	-0.0269362406002181	0.00642671915486544	ENSMUSG00000001151	Pcnt	PCNT
ENSMUSG00000033159.14	0.00105539069520612	-0.00479974801009635	ENSMUSG00000033159	Cnppd1	CNPPD1
ENSMUSG00000024791.10	-0.0425893549341547	0.0235024767830073	ENSMUSG00000024791	Cdca5	CDCA5
ENSMUSG00000021375.11	-0.000861972146430968	-0.000254393324560945	ENSMUSG00000021375	Kif13a	KIF13A
ENSMUSG00000003779.16	-0.0460561164558169	-0.0510996317732847	ENSMUSG00000003779	Kif20a	KIF20A
ENSMUSG00000030641.10	-0.0265134178710874	0.0038843342141299	ENSMUSG00000030641	Ddias	DDIAS
ENSMUSG00000038545.13	0.00421861540544117	0.00257873364558635	ENSMUSG00000038545	Cul7	CUL7
ENSMUSG00000030528.12	-0.0308933376109794	0.0345341891680655	ENSMUSG00000030528	Blm	BLM
ENSMUSG00000024056.10	-0.0496975347105007	-0.0029586936211994	ENSMUSG00000024056	Ndc80	NDC80
ENSMUSG00000050953.10	-0.00553335540528811	-0.0213601461514127	ENSMUSG00000050953	Gja1	GJA1
ENSMUSG00000027242.14	-0.0194928670881321	0.0567937345657428	ENSMUSG00000027242	Wdr76	WDR76
ENSMUSG00000075324.13	-0.0125700799551917	-0.00218012578297968	ENSMUSG00000075324	Fign	FIGN
ENSMUSG00000032714.6	0.0002176344439164	0.00843053164230873	ENSMUSG00000032714	Syde1	SYDE1
ENSMUSG00000027454.10	-0.0287294746775514	0.0305559306857489	ENSMUSG00000027454	Gins1	GINS1
ENSMUSG00000029554.15	-0.0145267159672763	0.00180763278577687	ENSMUSG00000029554	Mad1l1	MAD1L1
ENSMUSG00000032035.16	-0.0009479310066428	0.00179943110392904	ENSMUSG00000032035	Ets1	ETS1
ENSMUSG00000027339.15	-0.0061615662217925	0.017352954331037	ENSMUSG00000027339	Rassf2	RASSF2
ENSMUSG00000025583.15	0.00063170714570392	0.0113068204648785	ENSMUSG00000025583	Rptor	RPTOR
ENSMUSG00000021068.17	-0.00704891066355188	0.0039774105817295	ENSMUSG00000021068	Nin	NIN
ENSMUSG00000066043.13	-0.00439216202465552	0.0038065242833735	ENSMUSG00000066043	Phactr4	PHACTR4
ENSMUSG00000055116.8	0.00308539903548867	-0.00932506299880204	ENSMUSG00000055116	Arntl	ARNTL
ENSMUSG00000027933.11	-0.00370313718993009	0.00712945082687679	ENSMUSG00000027933	Ints3	INTS3
ENSMUSG00000020898.18	-0.0132473327032894	0.00513584839748462	ENSMUSG00000020898	Ctc1	CTC1
ENSMUSG00000032113.16	-0.0205287614656952	0.0444845856134956	ENSMUSG00000032113	Chek1	CHEK1
ENSMUSG00000033790.11	-0.00134566213630188	0.0114077050088903	ENSMUSG00000033790	Tubgcp5	TUBGCP5
ENSMUSG00000027323.10	-0.0391916292246933	0.0429134304464761	ENSMUSG00000027323	Rad51	RAD51
ENSMUSG00000000538.18	-0.00135707878553651	-0.00024349483481656	ENSMUSG00000000538	Tom1l2	TOM1L2
ENSMUSG00000024542.9	-0.0261881509516666	0.0149200062081254	ENSMUSG00000024542	Cep192	CEP192
ENSMUSG00000040021.13	-0.00208569282661378	-0.00359426620887954	ENSMUSG00000040021	Lats1	LATS1
ENSMUSG00000039230.14	-0.00281369826502502	0.00451082671630423	ENSMUSG00000039230	Tbcd	TBCD
ENSMUSG00000028243.5	-0.00428594057090775	-0.00354751234248645	ENSMUSG00000028243	Ubxn2b	UBXN2B
ENSMUSG00000028906.17	-0.0120164267527467	0.021591858375314	ENSMUSG00000028906	Epb41	EPB41
ENSMUSG00000034218.16	-0.0141601661140263	0.0269813410284954	ENSMUSG00000034218	Atm	ATM
ENSMUSG00000022089.9	0.00195224913297264	0.00595826155761017	ENSMUSG00000022089	Bin3	BIN3
ENSMUSG00000006215.12	-0.00135186122307051	-0.000892177939629271	ENSMUSG00000006215	Zbtb17	ZBTB17
ENSMUSG00000032405.10	-0.00614106911092036	0.00843918934337212	ENSMUSG00000032405	Pias1	PIAS1
ENSMUSG00000035354.9	-0.00353484891662199	0.00901482677359843	ENSMUSG00000035354	Uvrag	UVRAG
ENSMUSG00000020413.11	-0.0071436604992858	0.0102234771271747	ENSMUSG00000020413	Hus1	HUS1
ENSMUSG00000038902.14	-0.000795664789148917	-0.00156159916523256	ENSMUSG00000038902	Pogz	POGZ
ENSMUSG00000022604.18	-0.00329136479272534	0.0082675905712369	ENSMUSG00000022604	Cep97	CEP97
ENSMUSG00000031095.15	-0.00115755378508783	0.0021209351786532	ENSMUSG00000031095	Cul4b	CUL4B
ENSMUSG00000017499.15	-0.0158840017350624	0.080172536329341	ENSMUSG00000017499	Cdc6	CDC6
ENSMUSG00000001786.14	-0.000136138867730304	0.00494785528794325	ENSMUSG00000001786	Fbxo7	FBXO7
ENSMUSG00000036580.15	-0.00292901547766871	0.000193765026052696	ENSMUSG00000036580	Spg20	SPG20
ENSMUSG00000043909.16	0.00400552074645566	-0.00140872530836553	ENSMUSG00000043909	Trp53bp1	TRP53BP1
ENSMUSG00000027959.14	-0.0247807541380793	0.0198828454386718	ENSMUSG00000027959	Sass6	SASS6
ENSMUSG00000019988.7	-0.0151306243688391	0.0154842056949956	ENSMUSG00000019988	Nedd1	NEDD1
ENSMUSG00000035131.14	-0.00465000004994356	0.00328439124041392	ENSMUSG00000035131	Brinp3	BRINP3
ENSMUSG00000027699.19	-0.0428610429635749	-0.0358502317793345	ENSMUSG00000027699	Ect2	ECT2
ENSMUSG00000027330.16	-0.0226779366248422	-0.0231153481315481	ENSMUSG00000027330	Cdc25b	CDC25B
ENSMUSG00000038047.18	-0.0204961389376015	0.0301073473108347	ENSMUSG00000038047	Haus6	HAUS6
ENSMUSG00000066551.12	-0.0399079512141063	-0.0140572226618642	ENSMUSG00000066551	Hmgb1	HMGB1
ENSMUSG00000025912.16	-0.0129347823779308	0.00382392384918014	ENSMUSG00000025912	Mybl1	MYBL1
ENSMUSG00000070348.5	0.0218231065857862	0.0139783304104484	ENSMUSG00000070348	Ccnd1	CCND1
ENSMUSG00000019970.15	0.00646413086997025	-0.00322655976313893	ENSMUSG00000019970	Sgk1	SGK1
ENSMUSG00000017861.11	-0.0365423948265554	0.0572429860998184	ENSMUSG00000017861	Mybl2	MYBL2
ENSMUSG00000030498.15	-0.00543823033504576	0.00929174594724195	ENSMUSG00000030498	Gas2	GAS2
ENSMUSG00000026842.16	-0.00296775359178667	0.0145441394937684	ENSMUSG00000026842	Abl1	ABL1
ENSMUSG00000020451.17	0.00462500014711132	-0.00622701742207182	ENSMUSG00000020451	Limk2	LIMK2
ENSMUSG00000021965.3	-0.037082651417879	-0.0093572447755872	ENSMUSG00000021965	Ska3	SKA3
ENSMUSG00000014850.15	-0.00737141410051252	0.0202814724815526	ENSMUSG00000014850	Msh3	MSH3
ENSMUSG00000054252.18	-0.00112542929090103	-0.00199605523727768	ENSMUSG00000054252	Fgfr3	FGFR3
ENSMUSG00000037992.16	0.00681093797369042	-0.00564729011597715	ENSMUSG00000037992	Rara	RARA
ENSMUSG00000029428.13	-0.00250075625631114	0.00754996389343005	ENSMUSG00000029428	Stx2	STX2
ENSMUSG00000028354.13	-0.000963098592813333	-0.00044314519220542	ENSMUSG00000028354	Fmn2	FMN2
ENSMUSG00000090083.11	0.00319782421269815	0.0104104949235532	ENSMUSG00000090083	Rnf8	RNF8
ENSMUSG00000047409.13	-0.0108971630181101	0.0270988316667844	ENSMUSG00000047409	Ctdspl	CTDSPL
ENSMUSG00000032498.9	-0.00107601536914837	-0.00094344198435189	ENSMUSG00000032498	Mlh1	MLH1
ENSMUSG00000035469.17	-0.00131145446037528	0.00421421998391954	ENSMUSG00000035469	Rcbtb1	RCBTB1
ENSMUSG00000058729.13	-0.0196086068286336	0.0168474642300186	ENSMUSG00000058729	Lin9	LIN9
ENSMUSG00000027550.14	-0.00604372765163572	-0.000170085147791174	ENSMUSG00000027550	Lrrcc1	LRRCC1
ENSMUSG00000038344.14	0.00439319771038376	-0.00349275999937353	ENSMUSG00000038344	Txlng	TXLNG
ENSMUSG00000024137.9	8.55598632639547e-05	0.000415793024245036	ENSMUSG00000024137	E4f1	E4F1
ENSMUSG00000029283.17	-0.0139076083933799	0.0260780064804598	ENSMUSG00000029283	Cdc7	CDC7
ENSMUSG00000016526.8	-0.00100502540636286	0.00088016598057474	ENSMUSG00000016526	Dyrk3	DYRK3
ENSMUSG00000079555.2	-0.0168154243440417	0.0216675677764759	ENSMUSG00000079555	Haus3	HAUS3
ENSMUSG00000051177.16	0.00103780821570988	0.0104081248286891	ENSMUSG00000051177	Plcb1	PLCB1
ENSMUSG00000033904.16	-0.0116763229442052	0.0124089908951433	ENSMUSG00000033904	Ccp110	CCP110
ENSMUSG00000023345.17	-0.0190537996536314	-0.00780427603653602	ENSMUSG00000023345	Poc1a	POC1A
ENSMUSG00000038379.15	-0.037689683825523	-0.00942127835656609	ENSMUSG00000038379	Ttk	TTK
ENSMUSG00000020513.15	-0.0128381629227872	-0.0205589598119155	ENSMUSG00000020513	Tubd1	TUBD1
ENSMUSG00000042807.15	-0.000334760298299245	-0.00128424222904922	ENSMUSG00000042807	Hecw2	HECW2
ENSMUSG00000048416.15	-0.0275562776014057	0.00877453855039107	ENSMUSG00000048416	Mlf1	MLF1
ENSMUSG00000022770.17	-0.00177715273811464	0.00403128897728334	ENSMUSG00000022770	Dlg1	DLG1
